ci,primer_nombre,segundo_nombre,email,genero,tipo_hab,celular,llegada,salida
10.000.245,Gussie,Cuddihy,gcuddihygh@youku.com,null,suite,(358) 2424759,05/09/2023,08/09/2023
10.000.964,Lucas,Hallex,lhallexh6@spiegel.de,null,simple,(685) 8117685,19/07/2023,04/08/2023
10.008.018,Rolfe,Harring,rharringa9@ask.com,null,doble,(981) 5722223,07/09/2023,17/09/2023
10.021.555,Neely,Roan,nroanly@apache.org,null,triple,(916) 6299798,16/09/2023,17/09/2023
10.033.344,Odo,Rickett,orickett4r@sakura.ne.jp,null,doble,(247) 3370122,19/10/2023,31/10/2023
10.042.859,Manfred,Gauntlett,mgauntlettra@pen.io,null,suite,(674) 9174508,09/09/2023,28/09/2023
10.045.058,Griffith,Clell,gclellb@symantec.com,null,simple,(532) 2645839,17/10/2023,28/10/2023
10.054.218,Dorelle,Scruton,dscrutonfl@deviantart.com,null,simple,(163) 5945647,03/10/2023,10/10/2023
10.066.432,Martica,Tremathack,mtremathackad@issuu.com,null,simple,(508) 4961297,16/08/2023,10/09/2023
10.074.278,Davidson,Atkins,datkinskw@ask.com,null,simple,(439) 2653578,27/10/2023,2/11/2023
10.085.535,See,Szimon,sszimonje@cam.ac.uk,null,simple,(874) 2694725,24/08/2023,14/09/2023
10.110.169,Paige,Regnard,pregnard1t@ocn.ne.jp,null,doble,(486) 8789514,14/09/2023,01/10/2023
10.128.367,Ephrayim,Penticost,epenticost1j@bloglovin.com,null,doble,(234) 1802524,11/09/2023,28/09/2023
10.135.453,Clarey,Edens,cedensay@ovh.net,null,doble,(789) 6810729,17/07/2023,26/07/2023
10.136.822,Michell,Josuweit,mjosuweit66@clickbank.net,null,doble,(102) 6053947,20/10/2023,28/10/2023
10.150.721,Lilian,Dewsbury,ldewsbury5p@jimdo.com,null,suite,(782) 9696760,08/07/2023,18/07/2023
10.151.720,Cornela,Felipe,cfelipefd@livejournal.com,null,simple,(763) 1918046,05/07/2023,09/07/2023
10.163.254,Arvin,Showte,ashowtenc@storify.com,null,simple,(917) 4659786,31/07/2023,17/08/2023
10.193.690,Dacie,Ream,dreamnz@flickr.com,null,suite,(841) 2114813,02/07/2023,21/07/2023
10.198.762,Byram,Peterkin,bpeterkina8@washington.edu,null,simple,(978) 2455669,24/08/2023,16/09/2023
10.203.485,Corry,Poytheras,cpoytherasj0@amazon.com,null,triple,(962) 7763686,03/08/2023,26/08/2023
10.204.272,Fitz,Beddie,fbeddiehf@vimeo.com,null,simple,(278) 1344425,21/10/2023,30/10/2023
10.228.964,Janet,MacAndrew,jmacandrewed@yolasite.com,null,doble,(515) 6315940,22/07/2023,25/07/2023
10.243.861,Dario,Barnsdall,dbarnsdalli@quantcast.com,null,triple,(831) 2531889,23/09/2023,08/10/2023
10.247.651,Chandler,Blazynski,cblazynskibv@linkedin.com,null,doble,(793) 6409526,22/08/2023,11/09/2023
10.247.768,Cortie,Seywood,cseywood2f@sciencedirect.com,null,suite,(368) 7720465,17/07/2023,28/07/2023
10.262.332,Gabi,Plum,gplumnd@comcast.net,null,triple,(993) 8794867,14/07/2023,15/07/2023
10.265.881,Heindrick,Matyugin,hmatyuginoa@bbc.co.uk,null,simple,(638) 5228989,05/08/2023,29/08/2023
10.282.826,Flory,Minard,fminardbj@salon.com,null,triple,(435) 9291562,05/09/2023,28/09/2023
10.282.873,Lucien,Durn,ldurnld@shinystat.com,null,doble,(780) 1875769,24/09/2023,17/10/2023
10.298.806,Nancee,Schubbert,nschubberth5@samsung.com,null,doble,(169) 6261831,22/09/2023,11/10/2023
10.310.000,Udell,Holleran,uholleran8x@alexa.com,null,suite,(854) 6333617,13/07/2023,23/07/2023
10.325.239,Alyce,Deards,adeardsi5@cbslocal.com,null,simple,(427) 9297170,18/07/2023,24/07/2023
10.334.908,Hadria,Chezier,hchezierqm@behance.net,null,suite,(234) 8651066,02/09/2023,07/09/2023
10.346.586,Fletcher,Popple,fpopplen3@nydailynews.com,null,doble,(324) 9176648,10/07/2023,04/08/2023
10.370.748,Ferd,Bampkin,fbampkina7@paginegialle.it,null,doble,(621) 5107092,06/08/2023,08/08/2023
10.382.336,Alexandr,Snar,asnar3b@youtube.com,null,simple,(240) 7638980,27/10/2023,21/11/2023
10.395.617,Darius,Choake,dchoakegf@sfgate.com,null,simple,(313) 4179137,31/07/2023,03/08/2023
10.396.518,Sela,Townsend,stownsendl8@bluehost.com,null,suite,(757) 5837078,07/10/2023,15/10/2023
10.409.729,Ilsa,Beert,ibeert2b@ucoz.com,null,triple,(419) 5158651,04/10/2023,29/10/2023
10.414.090,Angelico,Kruger,akruger9e@reddit.com,null,simple,(434) 9119883,07/10/2023,29/10/2023
10.433.571,Nevins,Holt,nholtj3@japanpost.jp,null,triple,(415) 7684333,02/10/2023,10/10/2023
10.448.914,Ashla,Korf,akorfos@homestead.com,null,triple,(507) 7246572,29/10/2023,14/11/2023
10.456.566,Lauree,Cheatle,lcheatlebu@ucla.edu,null,suite,(243) 2205106,05/09/2023,20/09/2023
10.460.429,Jacob,Ferrino,jferrinojw@jiathis.com,null,triple,(559) 2751563,14/09/2023,30/09/2023
10.468.229,Lenci,Brittoner,lbrittonerrh@walmart.com,null,doble,(233) 7252576,19/07/2023,02/08/2023
10.480.315,Pip,Rubens,prubensa0@tuttocitta.it,null,simple,(400) 8274926,22/09/2023,08/10/2023
10.485.167,Hugibert,Forshaw,hforshaw4d@hc360.com,null,simple,(295) 4558175,03/08/2023,08/08/2023
10.491.123,Lenci,Vasyutochkin,lvasyutochkin1d@walmart.com,null,simple,(525) 2260104,23/09/2023,15/10/2023
10.495.991,Hilde,Fearick,hfearick6t@histats.com,null,doble,(548) 1937516,29/07/2023,09/08/2023
10.499.140,Fionna,Rozsa,frozsa84@blogger.com,null,simple,(607) 1353827,30/09/2023,16/10/2023
10.509.380,Gregg,Housley,ghousleymz@prlog.org,null,simple,(595) 7351141,01/07/2023,04/07/2023
10.512.837,Nonie,Saltern,nsalternq3@springer.com,null,simple,(199) 9529934,15/10/2023,20/10/2023
10.517.919,Julie,Anfrey,janfreyqu@paginegialle.it,null,doble,(106) 4285374,12/07/2023,16/07/2023
10.518.575,Bail,Iskov,biskov16@gmpg.org,null,suite,(502) 4724060,11/09/2023,04/10/2023
10.547.405,Harley,Ioan,hioangi@si.edu,null,doble,(389) 7153964,25/08/2023,01/09/2023
10.569.628,Cody,Becaris,cbecarisqj@elegantthemes.com,null,suite,(509) 6882478,17/10/2023,10/11/2023
10.569.711,Renaldo,Sleicht,rsleicht19@army.mil,null,doble,(352) 4302811,11/07/2023,21/07/2023
10.572.095,Kahaleel,Thorndycraft,kthorndycraftq@java.com,null,doble,(666) 2303768,05/09/2023,27/09/2023
10.579.316,Amie,Vigietti,avigietti1e@huffingtonpost.com,null,doble,(422) 6439555,22/07/2023,03/08/2023
10.592.209,Liam,Lello,llello1o@woothemes.com,null,triple,(656) 2437079,26/07/2023,02/08/2023
10.594.482,Arny,Fike,afike3t@furl.net,null,suite,(731) 3290282,07/10/2023,29/10/2023
10.611.276,Westbrook,Hartnell,whartnellbo@1688.com,null,doble,(204) 5723222,29/09/2023,15/10/2023
10.623.565,Hobie,Sijmons,hsijmonspq@meetup.com,null,triple,(657) 4458031,19/08/2023,05/09/2023
10.627.840,Kelcie,Wrack,kwrack76@naver.com,null,simple,(645) 6971334,11/09/2023,25/09/2023
10.631.165,Amalia,Guppy,aguppygm@blog.com,null,doble,(305) 5527916,13/09/2023,18/09/2023
10.637.870,Ynez,Ridley,yridleyrk@pagesperso-orange.fr,null,simple,(687) 1058027,01/10/2023,05/10/2023
10.642.578,Harriot,Worsnip,hworsnipaw@wired.com,null,simple,(798) 1010644,05/07/2023,20/07/2023
10.656.328,Wang,Counsell,wcounsell3y@google.cn,null,triple,(289) 2165819,30/07/2023,20/08/2023
10.661.470,Calvin,Kuhn,ckuhn8d@cpanel.net,null,triple,(338) 9061763,10/08/2023,28/08/2023
10.666.291,Kala,Tottem,ktottemkv@auda.org.au,null,simple,(110) 1460479,05/09/2023,10/09/2023
10.741.788,Kamillah,Lamprey,klampreylv@arizona.edu,null,doble,(691) 9507631,22/09/2023,23/09/2023
10.742.357,Marianne,Wenger,mwenger2i@dailymotion.com,null,suite,(681) 6492555,23/09/2023,09/10/2023
10.742.786,Nye,Francklin,nfrancklin6n@noaa.gov,null,triple,(759) 7846890,08/07/2023,25/07/2023
10.744.897,Ephrem,Karolewski,ekarolewskint@g.co,null,doble,(345) 3814474,04/08/2023,12/08/2023
10.747.852,Mart,Grishagin,mgrishagin89@spiegel.de,null,triple,(619) 8616474,21/08/2023,29/08/2023
10.753.851,Morgen,Kasher,mkasher4f@stumbleupon.com,null,doble,(996) 8303086,15/10/2023,22/10/2023
10.757.365,Rosita,Stonehouse,rstonehouseaq@liveinternet.ru,null,simple,(376) 6058516,10/08/2023,18/08/2023
10.764.231,Tracy,Coughtrey,tcoughtrey4e@senate.gov,null,doble,(311) 4164224,07/09/2023,01/10/2023
10.768.840,Pepi,Harmond,pharmond4w@boston.com,null,suite,(762) 7859177,05/07/2023,20/07/2023
10.774.925,Maybelle,Sturm,msturmr7@msn.com,null,suite,(860) 6127689,19/09/2023,10/10/2023
10.779.786,Susette,Goldston,sgoldstonrd@imageshack.us,null,simple,(162) 2740737,05/10/2023,11/10/2023
10.810.750,Templeton,Layburn,tlayburndu@cafepress.com,null,suite,(819) 3039558,05/07/2023,30/07/2023
10.844.474,Levy,Loram,lloram78@linkedin.com,null,suite,(599) 3320896,12/09/2023,25/09/2023
10.848.870,Finley,Prinn,fprinnal@ed.gov,null,triple,(724) 2458782,19/07/2023,23/07/2023
10.851.234,Junette,McOmish,jmcomishpy@examiner.com,null,triple,(801) 2501762,27/07/2023,01/08/2023
10.863.182,Gianina,Philbrick,gphilbrickfn@seattletimes.com,null,simple,(556) 5520177,21/07/2023,04/08/2023
10.868.253,Felecia,Fere,fferedg@constantcontact.com,null,triple,(573) 2047477,18/07/2023,04/08/2023
10.868.277,Pammi,Bellord,pbellordhk@dion.ne.jp,null,triple,(108) 8279797,28/09/2023,30/09/2023
10.889.800,Ben,Eard,beardig@whitehouse.gov,null,suite,(524) 8912439,11/10/2023,27/10/2023
10.899.365,Chalmers,Scarr,cscarrme@theguardian.com,null,triple,(757) 2989704,08/08/2023,19/08/2023
10.921.871,Kip,Cazin,kcazinak@4shared.com,null,simple,(614) 5190893,14/09/2023,26/09/2023
10.924.210,Jens,Swynley,jswynleyfq@about.me,null,triple,(872) 4629059,26/09/2023,03/10/2023
10.932.437,Elnora,Dietsche,edietsche82@canalblog.com,null,triple,(506) 6461657,02/08/2023,17/08/2023
10.938.273,Oralee,Wylder,owylderpx@acquirethisname.com,null,suite,(421) 3645580,09/09/2023,20/09/2023
10.941.305,Artemis,Pragnall,apragnallla@opera.com,null,suite,(240) 8126143,02/08/2023,22/08/2023
10.943.072,Sallyanne,Lurriman,slurrimaneh@xrea.com,null,triple,(304) 8399404,29/10/2023,6/11/2023
10.954.050,Daryl,Charlet,dcharletpe@t-online.de,null,doble,(760) 2155202,04/09/2023,15/09/2023
10.981.786,Matthiew,Attewill,mattewillk4@devhub.com,null,triple,(864) 8350448,14/08/2023,26/08/2023
10.984.647,Pooh,Arni,parnih8@apple.com,null,simple,(879) 3889022,21/09/2023,09/10/2023
10.986.567,Nobe,Touret,ntouret9p@liveinternet.ru,null,doble,(829) 2667973,24/08/2023,09/09/2023
10.993.333,Rochelle,Doleman,rdolemana2@odnoklassniki.ru,null,triple,(500) 1986923,13/07/2023,24/07/2023
11.001.162,Hi,Banyard,hbanyard90@odnoklassniki.ru,null,suite,(480) 7055315,28/10/2023,30/10/2023
11.013.237,Myrlene,Slimming,mslimming99@cmu.edu,null,simple,(995) 7566018,21/08/2023,12/09/2023
11.014.832,Gris,Cordey,gcordey6l@globo.com,null,doble,(959) 8183624,11/08/2023,14/08/2023
11.021.765,Ruttger,Bamblett,rbamblett8k@desdev.cn,null,doble,(725) 1101209,09/09/2023,23/09/2023
11.025.436,Darnall,Landreth,dlandreth6e@fc2.com,null,doble,(436) 8237429,28/08/2023,06/09/2023
11.028.554,Christoffer,Pistol,cpistolor@mail.ru,null,suite,(289) 5865912,20/10/2023,13/11/2023
11.028.576,Randall,Vedekhov,rvedekhov9g@cnn.com,null,doble,(178) 5117160,07/08/2023,19/08/2023
11.035.941,Benedicto,Woodier,bwoodierk2@sohu.com,null,triple,(154) 5555683,10/09/2023,01/10/2023
11.040.363,Nicole,Dik,ndiko7@dailymotion.com,null,doble,(460) 2661388,09/07/2023,21/07/2023
11.053.675,Windy,Cartledge,wcartledge7y@ebay.co.uk,null,suite,(291) 6876137,13/09/2023,19/09/2023
11.059.045,Kalie,Yarrington,kyarringtonqo@prweb.com,null,simple,(163) 8978919,31/08/2023,17/09/2023
11.065.493,Orland,Gulland,ogullandge@miitbeian.gov.cn,null,doble,(662) 5945373,20/09/2023,09/10/2023
11.066.699,Ellette,Vannucci,evannucci6c@toplist.cz,null,doble,(154) 7358737,03/08/2023,28/08/2023
11.081.093,Twila,Clace,tclacea4@newsvine.com,null,simple,(818) 2171297,07/07/2023,26/07/2023
11.133.500,Walt,Gimbart,wgimbart8p@mayoclinic.com,null,simple,(429) 6632637,03/08/2023,26/08/2023
11.137.036,Freddie,Annion,fannionfe@imageshack.us,null,simple,(359) 5488723,17/09/2023,11/10/2023
11.143.137,Billie,Inkster,binksterfi@cbslocal.com,null,triple,(350) 6638782,01/07/2023,03/07/2023
11.154.873,Harriett,Greydon,hgreydoni4@auda.org.au,null,doble,(107) 8656155,26/07/2023,14/08/2023
11.159.395,Taryn,Chubb,tchubb1g@berkeley.edu,null,doble,(398) 3092969,04/07/2023,18/07/2023
11.163.083,Donetta,Eskrick,deskrickou@nature.com,null,triple,(143) 4623447,01/07/2023,12/07/2023
11.183.132,Fletcher,Ockendon,fockendonon@ftc.gov,null,triple,(202) 9709915,16/07/2023,18/07/2023
11.190.819,Aluino,Sutherington,asutherington2k@com.com,null,suite,(632) 5798285,07/07/2023,10/07/2023
11.192.509,Lesya,Davidesco,ldavidescojk@devhub.com,null,doble,(995) 9582360,22/07/2023,14/08/2023
11.195.370,Livvie,Archell,larchell3e@springer.com,null,doble,(646) 3934017,19/09/2023,07/10/2023
11.230.595,Marve,Le Ball,mleballjm@tamu.edu,null,simple,(532) 2278751,20/08/2023,10/09/2023
11.242.936,Friederike,Minter,fminterop@ucla.edu,null,suite,(342) 7546765,31/07/2023,16/08/2023
11.246.583,Humfrey,Bavister,hbavisterkz@mozilla.org,null,doble,(223) 2706278,07/08/2023,31/08/2023
11.254.503,Nealson,Bransdon,nbransdonhv@addthis.com,null,simple,(923) 8342806,10/10/2023,11/10/2023
11.262.207,Graig,Josling,gjoslingpc@so-net.ne.jp,null,doble,(235) 9425872,08/09/2023,11/09/2023
11.270.362,Ellynn,Redfern,eredfern1p@friendfeed.com,null,doble,(121) 6846491,15/09/2023,29/09/2023
11.289.547,Salli,Kleinsmuntz,skleinsmuntzh2@cbslocal.com,null,suite,(621) 3590119,05/10/2023,10/10/2023
11.294.250,Erv,Aymer,eaymerdv@a8.net,null,doble,(936) 7717104,20/08/2023,26/08/2023
11.300.086,Mikel,Addlestone,maddlestone5s@ca.gov,null,simple,(996) 9108921,17/08/2023,01/09/2023
11.300.750,Shandy,MacManus,smacmanuspb@nature.com,null,simple,(824) 7412737,13/07/2023,18/07/2023
11.311.286,Mozelle,Tatteshall,mtatteshallke@google.pl,null,simple,(821) 9425288,10/07/2023,31/07/2023
11.322.194,Weber,Messom,wmessomq8@sfgate.com,null,simple,(784) 6585594,13/10/2023,24/10/2023
11.322.627,Tatiania,Buckthorp,tbuckthorp69@prlog.org,null,doble,(335) 7148743,11/09/2023,12/09/2023
11.335.331,Sarena,Base,sbaseet@spiegel.de,null,triple,(604) 3096895,16/07/2023,30/07/2023
11.345.309,Ulrike,Kingett,ukingettnu@wiley.com,null,simple,(297) 9217213,01/09/2023,24/09/2023
11.345.819,Gweneth,Spilisy,gspilisygc@goo.ne.jp,null,suite,(249) 2761357,09/09/2023,23/09/2023
11.361.864,Scottie,Baxster,sbaxster60@sun.com,null,triple,(990) 3477297,03/10/2023,21/10/2023
11.365.920,Jacobo,Penswick,jpenswickd@jimdo.com,null,simple,(558) 4661206,31/07/2023,24/08/2023
11.373.078,Easter,Rotherham,erotherhamqe@va.gov,null,triple,(544) 3585185,15/07/2023,03/08/2023
11.379.845,Howie,Lehrer,hlehrer87@huffingtonpost.com,null,simple,(874) 7418252,03/08/2023,14/08/2023
11.386.368,Georgiana,Ortell,gortellib@hao123.com,null,simple,(343) 8709694,31/07/2023,02/08/2023
11.419.762,Shara,Handforth,shandforthok@nifty.com,null,triple,(919) 7482697,19/10/2023,11/11/2023
11.434.868,Ardella,Rowlstone,arowlstoneow@wisc.edu,null,triple,(114) 6860922,05/07/2023,10/07/2023
11.435.100,Kalina,Plews,kplewsf2@is.gd,null,simple,(921) 9763068,26/10/2023,13/11/2023
11.438.340,Claudianus,Kendell,ckendellch@statcounter.com,null,suite,(242) 8890064,14/08/2023,01/09/2023
11.450.278,Nicolina,Darrigoe,ndarrigoee5@printfriendly.com,null,doble,(290) 6975604,09/09/2023,12/09/2023
11.454.133,Neddie,Sprason,nsprason6b@deliciousdays.com,null,suite,(530) 1408745,07/09/2023,10/09/2023
11.454.161,Nadiya,Jensen,njenseni0@ft.com,null,simple,(164) 9766627,08/10/2023,21/10/2023
11.455.541,Allie,Phant,aphant9q@reddit.com,null,triple,(501) 4060238,14/10/2023,6/11/2023
11.455.858,Jobyna,Greenrde,jgreenrdemb@acquirethisname.com,null,triple,(189) 6927270,28/08/2023,12/09/2023
11.460.488,Thane,Feaster,tfeasterif@ebay.co.uk,null,suite,(974) 3534116,06/10/2023,23/10/2023
11.467.092,Pauli,Renn,prenn6x@deviantart.com,null,simple,(288) 9089164,05/07/2023,11/07/2023
11.471.755,Dorrie,Gerauld,dgerauldd3@va.gov,null,triple,(994) 5962229,16/07/2023,26/07/2023
11.494.107,Heinrick,Hovie,hhovieno@behance.net,null,suite,(770) 8113161,29/09/2023,09/10/2023
11.496.190,Butch,Addington,baddingtonab@oakley.com,null,simple,(710) 7462099,23/07/2023,17/08/2023
11.504.900,Kipper,Roset,krosetbr@eventbrite.com,null,simple,(788) 3371354,22/07/2023,07/08/2023
11.508.005,Reynard,Brayne,rbraynejr@google.es,null,triple,(146) 2602716,03/08/2023,13/08/2023
11.508.039,Taber,Doorly,tdoorlyi8@typepad.com,null,doble,(838) 2790363,20/07/2023,22/07/2023
11.524.350,Katti,Withers,kwithersev@timesonline.co.uk,null,doble,(656) 2760104,26/10/2023,16/11/2023
11.551.922,Izak,Bestwerthick,ibestwerthickel@baidu.com,null,simple,(998) 2744945,24/08/2023,16/09/2023
11.557.793,Elyssa,Lilleycrop,elilleycrop68@cisco.com,null,triple,(544) 1019966,15/08/2023,25/08/2023
11.563.703,Fleming,Yarmouth,fyarmouthmp@cnet.com,null,doble,(243) 5499685,24/07/2023,28/07/2023
11.581.274,Dorris,Friese,dfriese50@furl.net,null,simple,(842) 2593558,04/07/2023,15/07/2023
11.600.336,Mike,Levick,mlevickk0@unc.edu,null,simple,(248) 3585807,11/08/2023,27/08/2023
11.610.697,Ferguson,Downes,fdownesq0@51.la,null,simple,(291) 9762491,11/08/2023,16/08/2023
11.625.333,Rob,Tointon,rtointonj2@cam.ac.uk,null,suite,(871) 8660516,27/09/2023,04/10/2023
11.638.782,Dynah,Vinter,dvinter8o@bloglovin.com,null,doble,(307) 8504139,07/08/2023,26/08/2023
11.640.409,Mommy,Knapp,mknappe2@hp.com,null,simple,(133) 5752554,20/10/2023,30/10/2023
11.658.842,Ellerey,Sommerly,esommerly2o@ftc.gov,null,suite,(587) 2968907,17/08/2023,11/09/2023
11.671.608,Constantine,Franke,cfranke9c@timesonline.co.uk,null,doble,(516) 2439464,23/10/2023,16/11/2023
11.695.054,Bryna,Romanini,bromanini31@eventbrite.com,null,triple,(495) 8936396,12/09/2023,29/09/2023
11.699.839,Luke,Bushnell,lbushnellnp@dropbox.com,null,doble,(931) 1766980,19/10/2023,8/11/2023
11.728.046,Ritchie,Chillingworth,rchillingworth4j@edublogs.org,null,suite,(653) 2989637,10/07/2023,25/07/2023
11.738.391,Kayle,Ingilson,kingilsono2@techcrunch.com,null,simple,(508) 6871876,04/09/2023,11/09/2023
11.740.372,Claude,Isacq,cisacq3d@epa.gov,null,suite,(325) 7922216,22/10/2023,8/11/2023
11.754.925,Matilda,Lydiard,mlydiardof@mysql.com,null,suite,(559) 9767008,12/10/2023,29/10/2023
11.770.473,Melvyn,Gebuhr,mgebuhrna@opera.com,null,triple,(735) 1248432,13/07/2023,20/07/2023
11.770.525,Prisca,Hauxwell,phauxwellp8@baidu.com,null,simple,(140) 6392617,04/08/2023,29/08/2023
11.775.067,Alastair,Aldritt,aaldrittjo@comcast.net,null,suite,(181) 1444029,17/07/2023,24/07/2023
11.780.525,Delmore,Paulet,dpauletmn@blinklist.com,null,suite,(288) 7041299,29/10/2023,11/11/2023
11.786.262,Elvis,Sellick,esellickr6@hud.gov,null,simple,(394) 5314864,21/08/2023,07/09/2023
11.794.902,Cloe,Hinstridge,chinstridgepo@bbb.org,null,doble,(828) 1217200,22/08/2023,26/08/2023
11.800.519,Sherilyn,Yeabsley,syeabsleyho@sun.com,null,simple,(332) 4935373,20/10/2023,27/10/2023
11.808.973,Lorraine,Dougliss,ldouglisseo@merriam-webster.com,null,doble,(466) 7505206,16/10/2023,25/10/2023
11.812.494,Arri,Ragsdale,aragsdale5e@mapy.cz,null,doble,(148) 2600953,11/10/2023,13/10/2023
11.821.784,Matthaeus,Keepence,mkeepenceax@nbcnews.com,null,simple,(166) 7286591,15/10/2023,31/10/2023
11.825.428,Charil,McIlvaney,cmcilvaney3a@4shared.com,null,doble,(165) 2087623,11/10/2023,12/10/2023
11.826.896,Dan,Gorgler,dgorglerm7@japanpost.jp,null,simple,(722) 2543043,16/08/2023,18/08/2023
11.830.547,Herbert,Sainthill,hsainthillgr@t-online.de,null,suite,(871) 9358970,08/09/2023,01/10/2023
11.836.196,Welch,Cranage,wcranagecz@webeden.co.uk,null,doble,(671) 6790427,02/09/2023,17/09/2023
11.844.088,Dulcy,Keysall,dkeysall7i@bloglines.com,null,doble,(148) 6584644,19/08/2023,30/08/2023
11.846.855,Andreana,Hitzmann,ahitzmannm6@com.com,null,simple,(872) 5882652,27/07/2023,05/08/2023
11.854.370,Cristionna,Muttitt,cmuttitt3z@arizona.edu,null,doble,(875) 5624038,25/09/2023,13/10/2023
11.854.545,Garrott,Crosen,gcrosenc1@usatoday.com,null,simple,(223) 4850484,14/07/2023,28/07/2023
11.857.329,Adolpho,Adicot,aadicotq1@yellowpages.com,null,simple,(137) 6921397,20/08/2023,08/09/2023
11.861.332,Gustaf,Deighton,gdeightonq7@theglobeandmail.com,null,triple,(837) 2502724,12/08/2023,03/09/2023
11.890.904,Halli,Bolles,hbolles8j@noaa.gov,null,simple,(869) 4674798,16/07/2023,17/07/2023
11.895.799,Barbara-anne,Diemer,bdiemer3f@list-manage.com,null,simple,(612) 2495250,04/08/2023,29/08/2023
11.900.791,Cal,Oldaker,coldakeriq@angelfire.com,null,triple,(203) 3009144,03/07/2023,24/07/2023
11.902.550,Randi,McCane,rmccane9v@dagondesign.com,null,simple,(183) 4400327,30/08/2023,08/09/2023
11.920.092,Flor,Barthel,fbarthel9y@mashable.com,null,triple,(131) 1700416,16/08/2023,02/09/2023
11.922.284,Margot,Fison,mfison8f@blog.com,null,simple,(547) 7852668,13/10/2023,15/10/2023
11.926.020,Ermentrude,Orrey,eorreydy@aol.com,null,triple,(360) 2275860,27/09/2023,30/09/2023
11.939.371,Susan,Angeau,sangeaumx@printfriendly.com,null,doble,(996) 7061604,06/09/2023,08/09/2023
11.942.065,Broddy,Oaker,boaker9f@amazon.co.jp,null,triple,(636) 3497972,20/07/2023,02/08/2023
11.960.232,Odilia,Screach,oscreach92@ucsd.edu,null,simple,(233) 4186480,04/09/2023,23/09/2023
11.991.668,Tiff,Vasyutkin,tvasyutkinkl@icio.us,null,simple,(106) 7941430,13/07/2023,23/07/2023
11.999.131,Bruno,Burrows,bburrowsdl@ovh.net,null,triple,(444) 4785136,10/10/2023,22/10/2023
12.001.645,Sergent,Venners,svenners1z@google.com.au,null,suite,(274) 6161077,12/09/2023,30/09/2023
12.013.165,Abbey,Kunc,akunc96@cpanel.net,null,simple,(318) 2647443,14/08/2023,16/08/2023
12.060.169,Payton,Olyunin,polyuninbh@tumblr.com,null,triple,(670) 3036200,11/09/2023,22/09/2023
12.063.312,Jae,Fermoy,jfermoym3@goo.gl,null,doble,(745) 3046650,02/10/2023,09/10/2023
12.067.166,Anatollo,Formilli,aformillij5@networkadvertising.org,null,triple,(712) 3753846,25/10/2023,6/11/2023
12.069.043,Zola,Eades,zeadesd2@ebay.com,null,doble,(431) 8032997,30/07/2023,16/08/2023
12.080.215,Hobart,Tremblet,htremblet4x@mlb.com,null,doble,(109) 3680007,22/10/2023,2/11/2023
12.081.858,Roana,Alexsandrev,ralexsandrevn7@friendfeed.com,null,suite,(207) 2568180,16/10/2023,5/11/2023
12.130.871,Ezekiel,Geer,egeer3u@skyrock.com,null,triple,(406) 7846152,06/09/2023,27/09/2023
12.176.331,Hughie,Scapelhorn,hscapelhorn22@nsw.gov.au,null,triple,(206) 6002277,20/10/2023,21/10/2023
12.176.499,Kylynn,Boyn,kboyn6f@bluehost.com,null,simple,(338) 2102673,06/08/2023,27/08/2023
12.184.585,Madalena,O'Coskerry,mocoskerry6s@ed.gov,null,triple,(955) 9683531,22/07/2023,25/07/2023
12.194.539,Aldus,Wilcockes,awilcockesmk@phpbb.com,null,suite,(525) 4214089,26/10/2023,3/11/2023
12.199.018,Garrett,Baradel,gbaradeljx@istockphoto.com,null,simple,(262) 1409263,16/09/2023,01/10/2023
12.210.228,Noell,Munning,nmunning3r@miitbeian.gov.cn,null,simple,(243) 3514112,19/08/2023,03/09/2023
12.210.403,Jessalyn,Salack,jsalackb8@patch.com,null,triple,(679) 9868225,14/08/2023,05/09/2023
12.230.318,Ashil,Mixture,amixturecb@zdnet.com,null,simple,(658) 1138357,18/08/2023,26/08/2023
12.231.656,See,Shapero,sshaperoqz@sciencedirect.com,null,triple,(423) 8518492,31/07/2023,13/08/2023
12.246.040,Gertrud,Licence,glicence38@furl.net,null,suite,(226) 3176430,10/07/2023,29/07/2023
12.251.188,Kerrill,Wegenen,kwegenenfg@dmoz.org,null,suite,(201) 4111715,04/07/2023,15/07/2023
12.265.147,Orelia,Annable,oannablel0@msu.edu,null,simple,(678) 5781906,11/08/2023,13/08/2023
12.268.525,Kandace,Thirwell,kthirwell73@ebay.co.uk,null,doble,(574) 1860019,05/10/2023,22/10/2023
12.286.407,Jervis,Longworth,jlongworth47@opensource.org,null,doble,(619) 3385817,27/10/2023,30/10/2023
12.293.511,Tana,Giles,tgiles2t@mapquest.com,null,doble,(901) 9434642,16/09/2023,30/09/2023
12.296.084,Michelina,Springell,mspringellpn@ocn.ne.jp,null,suite,(753) 9560395,07/08/2023,23/08/2023
12.302.378,Miquela,Matthews,mmatthewsoc@amazon.de,null,suite,(471) 7744205,07/08/2023,10/08/2023
12.334.480,Jerrylee,Buxey,jbuxeyi1@netlog.com,null,suite,(887) 6667786,18/08/2023,31/08/2023
12.335.119,Haze,Paradise,hparadisel2@elpais.com,null,suite,(756) 3055876,28/10/2023,30/10/2023
12.348.107,Weylin,Rambaut,wrambautk9@sun.com,null,triple,(101) 1788445,24/08/2023,17/09/2023
12.369.040,Marlowe,Parman,mparman9s@goo.ne.jp,null,doble,(919) 5645360,23/08/2023,02/09/2023
12.423.046,Elissa,Reidshaw,ereidshawcw@tumblr.com,null,triple,(622) 6390881,26/09/2023,29/09/2023
12.428.237,Sunshine,Torresi,storresi6k@irs.gov,null,doble,(510) 6462029,28/07/2023,21/08/2023
12.441.289,Geoff,Phlipon,gphliponde@blogger.com,null,suite,(122) 4138663,31/08/2023,16/09/2023
12.441.771,Gennifer,Caesman,gcaesmano4@joomla.org,null,suite,(607) 9095745,06/07/2023,09/07/2023
12.446.108,Bertrand,Hinsch,bhinschlq@craigslist.org,null,simple,(618) 3856178,05/09/2023,27/09/2023
12.484.852,Dorian,Garside,dgarsideot@usgs.gov,null,simple,(555) 7180212,28/09/2023,17/10/2023
12.487.405,Enrica,Cranna,ecrannapz@hhs.gov,null,triple,(516) 1977589,03/09/2023,27/09/2023
12.508.409,Frasco,Dearden,fdeardenau@lycos.com,null,simple,(141) 8379061,03/10/2023,25/10/2023
12.510.268,Gayle,Lynch,glynchjc@accuweather.com,null,simple,(853) 9470560,15/09/2023,20/09/2023
12.523.849,Dinnie,Exley,dexley5y@reddit.com,null,doble,(121) 2746369,13/09/2023,29/09/2023
12.536.489,Beau,Lennarde,blennardeoo@va.gov,null,triple,(620) 1378625,17/10/2023,22/10/2023
12.538.637,Nadiya,Arnhold,narnholdjh@biblegateway.com,null,triple,(865) 2022924,27/10/2023,29/10/2023
12.558.024,Salmon,Deering,sdeering5q@hao123.com,null,doble,(468) 5227158,07/07/2023,01/08/2023
12.573.148,Melvin,Asmus,masmuspd@wp.com,null,triple,(785) 4529206,16/10/2023,9/11/2023
12.575.167,Noe,McAuslene,nmcausleneg4@europa.eu,null,doble,(370) 3507448,28/07/2023,07/08/2023
12.584.006,Wynnie,Perico,wpericoix@yandex.ru,null,simple,(331) 6972621,17/07/2023,04/08/2023
12.597.288,Michael,Jordan,mjordanku@163.com,null,suite,(462) 2869290,22/07/2023,07/08/2023
12.601.293,Malia,Purbrick,mpurbrick7h@prlog.org,null,triple,(760) 9091667,04/08/2023,07/08/2023
12.621.779,Yale,Canniffe,ycanniffekq@furl.net,null,doble,(692) 7252874,29/09/2023,16/10/2023
12.622.303,Teddi,Larkby,tlarkby8g@vk.com,null,doble,(920) 4268862,18/10/2023,23/10/2023
12.624.323,Molly,Donisthorpe,mdonisthorpe4g@delicious.com,null,doble,(541) 5707169,17/08/2023,23/08/2023
12.641.242,Karin,Diperaus,kdiperausey@technorati.com,null,triple,(496) 5135795,26/07/2023,15/08/2023
12.643.858,Donny,Garard,dgarard83@disqus.com,null,doble,(749) 3962783,03/10/2023,25/10/2023
12.669.732,Nollie,Clementet,nclementetfz@google.com,null,doble,(334) 8386128,29/10/2023,7/11/2023
12.672.119,Tommy,Vial,tvialg2@histats.com,null,simple,(876) 3587557,27/07/2023,17/08/2023
12.677.185,Vinnie,Walrond,vwalrondmy@meetup.com,null,doble,(252) 6763996,05/07/2023,24/07/2023
12.683.329,Michele,Mattiassi,mmattiassiqi@mlb.com,null,triple,(271) 2484497,02/09/2023,26/09/2023
12.685.333,Kellsie,Cholwell,kcholwellhl@indiegogo.com,null,suite,(728) 7656688,01/08/2023,15/08/2023
12.715.508,Tailor,Celier,tcelier64@wiley.com,null,simple,(480) 9542533,30/07/2023,08/08/2023
12.716.333,Sebastiano,Haizelden,shaizelden5a@house.gov,null,triple,(192) 5621076,10/10/2023,21/10/2023
12.728.431,Billie,Paulino,bpaulino7e@barnesandnoble.com,null,doble,(109) 7100549,23/07/2023,17/08/2023
12.730.813,Gunter,Rackley,grackleyd9@typepad.com,null,triple,(488) 8354025,04/08/2023,23/08/2023
12.736.208,Myranda,Cudbird,mcudbirdnb@vkontakte.ru,null,doble,(836) 4438701,27/07/2023,16/08/2023
12.744.076,Herby,Gladyer,hgladyer9b@archive.org,null,suite,(386) 7078852,26/09/2023,06/10/2023
12.745.432,Rutger,Arnault,rarnaultfc@mac.com,null,simple,(672) 7934253,04/09/2023,11/09/2023
12.753.369,Urbain,Lingard,ulingardjz@nyu.edu,null,simple,(467) 8328700,19/07/2023,24/07/2023
12.761.775,Siegfried,Killoran,skilloranob@over-blog.com,null,suite,(980) 9417704,23/10/2023,12/11/2023
12.771.764,Jonas,Fletham,jflethammu@msu.edu,null,simple,(302) 6226605,21/10/2023,14/11/2023
12.782.870,Reece,Smallcomb,rsmallcomb4q@indiegogo.com,null,doble,(601) 1274643,02/10/2023,07/10/2023
12.795.407,Kippar,Collard,kcollard1c@jigsy.com,null,suite,(849) 4347544,23/08/2023,30/08/2023
12.817.478,Abigale,Pawlowicz,apawlowiczqy@howstuffworks.com,null,doble,(703) 2125331,15/08/2023,24/08/2023
12.844.254,Shandra,Naden,snaden2g@tinyurl.com,null,suite,(470) 3383792,05/07/2023,21/07/2023
12.847.358,Cecilia,Austen,caustennx@fastcompany.com,null,simple,(582) 2925596,11/10/2023,31/10/2023
12.850.997,Elmira,Allpress,eallpressec@e-recht24.de,null,triple,(860) 9557931,18/08/2023,26/08/2023
12.852.650,Rhodia,Perceval,rpercevalrj@engadget.com,null,triple,(916) 4959390,24/08/2023,25/08/2023
12.861.919,Fairfax,De Simoni,fdesimonijg@nifty.com,null,simple,(146) 5168316,02/08/2023,25/08/2023
12.882.364,Frans,Worster,fworstere3@globo.com,null,simple,(947) 9325908,03/09/2023,26/09/2023
12.902.463,Kalli,Rickhuss,krickhuss4@nyu.edu,null,doble,(161) 8724477,02/07/2023,21/07/2023
12.909.829,Oneida,Cromack,ocromackaf@wix.com,null,triple,(529) 2308444,23/09/2023,03/10/2023
12.922.153,Perceval,Curuclis,pcuruclis30@wikia.com,null,triple,(298) 2685976,20/07/2023,24/07/2023
12.944.628,Zelma,Forre,zforrebc@ovh.net,null,triple,(147) 7770161,08/08/2023,14/08/2023
12.952.711,Tildie,Verbruggen,tverbruggengu@nsw.gov.au,null,doble,(783) 6746223,29/10/2023,3/11/2023
12.959.048,Karlee,Mor,kmor1k@princeton.edu,null,doble,(616) 2950678,06/07/2023,21/07/2023
12.961.397,Sondra,Le Gall,slegall7d@disqus.com,null,suite,(880) 6749526,09/10/2023,31/10/2023
12.963.229,Fairleigh,Willshere,fwillsheredh@ycombinator.com,null,triple,(611) 8140475,13/07/2023,22/07/2023
12.992.876,Lorin,Rolland,lrolland1a@angelfire.com,null,simple,(871) 8569737,16/07/2023,23/07/2023
13.000.943,Vevay,Hebbs,vhebbspu@yale.edu,null,simple,(861) 6077901,25/07/2023,13/08/2023
13.032.602,Edward,Niblock,eniblockq5@about.me,null,simple,(261) 5386522,09/09/2023,14/09/2023
13.038.936,Bianka,Penniell,bpenniellis@shareasale.com,null,doble,(571) 9167242,24/09/2023,13/10/2023
13.045.225,Timothea,Eversfield,teversfieldnf@123-reg.co.uk,null,suite,(590) 6378284,14/09/2023,21/09/2023
13.046.475,Nikoletta,Corrigan,ncorrigan2a@seesaa.net,null,suite,(742) 6006412,24/08/2023,10/09/2023
13.050.331,Katusha,Domico,kdomicohs@moonfruit.com,null,doble,(796) 9393193,16/08/2023,03/09/2023
13.052.322,Tamera,Seeley,tseeley46@4shared.com,null,doble,(456) 1504660,05/07/2023,22/07/2023
13.064.435,Randy,Coultass,rcoultassc8@zimbio.com,null,doble,(895) 7482225,23/08/2023,24/08/2023
13.065.908,Tedman,Henden,thendenlc@patch.com,null,triple,(468) 3423933,12/07/2023,30/07/2023
13.088.763,Brenden,Geraghty,bgeraghtydz@loc.gov,null,suite,(222) 3542412,06/09/2023,14/09/2023
13.090.401,Marten,MacKowle,mmackowle6g@phoca.cz,null,doble,(199) 8631079,05/08/2023,11/08/2023
13.116.327,Rod,Normanville,rnormanvillemq@cargocollective.com,null,triple,(126) 8671867,14/07/2023,19/07/2023
13.117.834,Enos,Coard,ecoardv@sciencedirect.com,null,doble,(785) 2325170,01/10/2023,24/10/2023
13.121.378,Dulcie,Lilie,dlilie5b@icio.us,null,suite,(369) 3693767,21/09/2023,10/10/2023
13.144.904,Jobi,Hedditch,jhedditchlb@ameblo.jp,null,triple,(476) 7784064,10/10/2023,30/10/2023
13.153.225,Moyra,Waker,mwakerr8@meetup.com,null,triple,(381) 5453287,14/10/2023,27/10/2023
13.159.594,Erda,Wolford,ewolford24@state.tx.us,null,simple,(334) 6589121,12/07/2023,30/07/2023
13.160.208,Lois,MacNeilage,lmacneilage58@icio.us,null,simple,(730) 5360117,04/09/2023,07/09/2023
13.166.897,Marylinda,McClancy,mmcclancyqk@devhub.com,null,doble,(313) 5137534,06/09/2023,17/09/2023
13.179.999,Gaby,Dispencer,gdispencergb@amazon.com,null,triple,(674) 3095864,08/10/2023,09/10/2023
13.186.534,Denny,Wason,dwason2z@squarespace.com,null,triple,(298) 2541103,23/09/2023,16/10/2023
13.223.307,Jacky,McCarlie,jmccarlie1q@ibm.com,null,doble,(677) 2692236,26/07/2023,11/08/2023
13.229.480,Lorant,Josum,ljosummw@ibm.com,null,suite,(240) 4651214,27/09/2023,28/09/2023
13.264.291,Karim,Arnley,karnleyrb@cbslocal.com,null,doble,(762) 4779599,24/07/2023,02/08/2023
13.285.374,Winfield,Sibbs,wsibbsqs@youtu.be,null,triple,(994) 2932655,02/07/2023,16/07/2023
13.289.857,Ranna,Reichardt,rreichardtce@g.co,null,suite,(968) 5603680,21/09/2023,15/10/2023
13.302.526,Culver,Jenson,cjensonbp@imdb.com,null,simple,(193) 8455110,08/10/2023,29/10/2023
13.305.433,Jean,Bottinelli,jbottinellill@sun.com,null,triple,(537) 6934688,25/07/2023,03/08/2023
13.313.906,Jarrad,Kelsow,jkelsow5r@163.com,null,simple,(743) 5922750,01/09/2023,18/09/2023
13.319.559,Idette,Titcumb,ititcumblf@mac.com,null,suite,(690) 9785736,29/10/2023,8/11/2023
13.327.807,Linda,Killingworth,lkillingworthf0@loc.gov,null,doble,(315) 4057556,13/08/2023,01/09/2023
13.333.646,Moe,Copping,mcoppingai@people.com.cn,null,triple,(608) 1297002,08/08/2023,13/08/2023
13.343.014,Nickola,Rosendale,nrosendalel@cyberchimps.com,null,simple,(354) 6897760,30/09/2023,24/10/2023
13.353.340,Jacklyn,Olyonov,jolyonovb3@vimeo.com,null,suite,(871) 9827566,18/08/2023,09/09/2023
13.369.274,Berna,Lawly,blawly1@privacy.gov.au,null,doble,(984) 2395498,15/08/2023,19/08/2023
13.385.725,Hally,Burds,hburdsp6@fc2.com,null,triple,(961) 8377709,16/07/2023,02/08/2023
13.398.787,Nesta,Binding,nbindingn5@smh.com.au,null,simple,(761) 8409571,19/07/2023,08/08/2023
13.405.992,Lib,Balazot,lbalazot6y@trellian.com,null,suite,(942) 1150827,15/07/2023,17/07/2023
13.418.789,Agnesse,Chainey,achaineydx@reverbnation.com,null,doble,(819) 6649884,20/07/2023,13/08/2023
13.438.880,Free,Woodall,fwoodall5w@addthis.com,null,suite,(927) 6067251,19/09/2023,07/10/2023
13.443.289,Jayme,Lampbrecht,jlampbrechthq@xing.com,null,doble,(211) 1415121,22/07/2023,31/07/2023
13.452.871,Sylvia,Seakes,sseakes3v@live.com,null,doble,(149) 1465939,25/10/2023,31/10/2023
13.491.182,Mandel,Moulin,mmoulin28@google.de,null,triple,(767) 1118226,07/08/2023,01/09/2023
13.502.092,Dolly,Alwood,dalwood1n@hostgator.com,null,triple,(719) 1912752,02/09/2023,17/09/2023
13.502.927,Evered,Ralestone,eralestone0@ask.com,null,doble,(648) 8757440,14/10/2023,29/10/2023
13.517.447,Bertha,Sibley,bsibleyfv@taobao.com,null,doble,(637) 5036739,04/09/2023,27/09/2023
13.520.038,Arlina,Robertis,arobertise9@comsenz.com,null,simple,(196) 7531352,16/10/2023,22/10/2023
13.543.017,Ricki,Stanistrete,rstanistretehu@uol.com.br,null,triple,(635) 8238573,27/10/2023,13/11/2023
13.585.388,Donnie,Rawlin,drawlinkr@businessweek.com,null,suite,(341) 7221114,30/07/2023,21/08/2023
13.591.515,Brannon,Constanza,bconstanzaka@netvibes.com,null,triple,(676) 6335650,23/08/2023,09/09/2023
13.595.276,Karlotte,Berthe,kberthecd@patch.com,null,suite,(579) 4439522,26/07/2023,10/08/2023
13.624.696,Terrel,Yonnie,tyonniepg@tmall.com,null,simple,(803) 5989185,27/08/2023,02/09/2023
13.632.217,Lonee,Hambribe,lhambribef6@technorati.com,null,triple,(949) 8188761,22/09/2023,08/10/2023
13.633.448,Carlina,Nockalls,cnockallsom@house.gov,null,suite,(895) 1315871,17/08/2023,02/09/2023
13.666.463,Barnett,Cranke,bcrankec0@admin.ch,null,doble,(376) 4759663,24/08/2023,18/09/2023
13.688.645,Stanley,McCombe,smccombepi@fastcompany.com,null,doble,(373) 9057137,18/09/2023,30/09/2023
13.702.343,Dru,Heigho,dheighoki@youtu.be,null,suite,(754) 7427275,26/08/2023,12/09/2023
13.709.891,Derek,Antill,dantillmt@pen.io,null,doble,(150) 3902956,18/07/2023,01/08/2023
13.721.923,Peadar,Geddes,pgeddesls@ucoz.com,null,triple,(171) 1414186,17/09/2023,25/09/2023
13.739.142,Bessy,Helsby,bhelsby6i@blogger.com,null,simple,(231) 2660865,26/09/2023,06/10/2023
13.760.770,Lynn,Pakenham,lpakenham1y@europa.eu,null,simple,(239) 9075056,25/09/2023,07/10/2023
13.768.509,Bert,Doran,bdorano5@google.nl,null,suite,(103) 3431665,17/09/2023,24/09/2023
13.779.468,Wrennie,McNerlin,wmcnerlin8w@arstechnica.com,null,doble,(964) 4997661,14/08/2023,17/08/2023
13.789.297,Tammy,Iacomini,tiacominihe@dailymail.co.uk,null,simple,(629) 7042733,23/07/2023,04/08/2023
13.806.280,Gilles,Jolliffe,gjolliffeln@dmoz.org,null,suite,(126) 7157492,03/09/2023,19/09/2023
13.815.279,Erastus,McKeighan,emckeighan7u@themeforest.net,null,simple,(530) 5660785,10/08/2023,20/08/2023
13.830.146,Shena,Torpie,storpierm@nifty.com,null,suite,(871) 3287636,26/09/2023,04/10/2023
13.833.761,Lisbeth,Hebborn,lhebbornk5@sakura.ne.jp,null,suite,(157) 9591109,21/07/2023,11/08/2023
13.843.835,Dionne,Fisby,dfisby4m@hud.gov,null,doble,(864) 8659305,01/07/2023,18/07/2023
13.848.373,Danyette,Darrigone,ddarrigone7p@va.gov,null,doble,(425) 2293165,29/08/2023,07/09/2023
13.860.572,Tessi,MacKilroe,tmackilroeg0@woothemes.com,null,suite,(122) 3976716,10/07/2023,24/07/2023
13.863.008,Francisco,Paulsen,fpaulsengq@cloudflare.com,null,suite,(508) 9442545,15/10/2023,8/11/2023
13.864.965,Rey,Baird,rbairdq9@fda.gov,null,doble,(121) 3341227,13/07/2023,03/08/2023
13.880.965,Nicol,Silkston,nsilkstonc6@ftc.gov,null,suite,(958) 1308206,05/09/2023,19/09/2023
13.882.491,Ginelle,Spargo,gspargoio@huffingtonpost.com,null,suite,(181) 9850459,06/08/2023,19/08/2023
13.883.835,Emmi,Bransby,ebransby1v@bloglines.com,null,triple,(593) 7016209,29/09/2023,20/10/2023
13.886.950,Wittie,Kempe,wkempeex@smugmug.com,null,simple,(429) 5546562,02/10/2023,03/10/2023
13.893.357,Forrest,Barwis,fbarwiscn@state.tx.us,null,suite,(689) 8299399,25/10/2023,11/11/2023
13.895.064,Humfried,Sherville,hsherville56@whitehouse.gov,null,suite,(522) 4946141,16/08/2023,19/08/2023
13.910.826,Uri,Copplestone,ucopplestone37@usgs.gov,null,simple,(105) 3415315,13/10/2023,28/10/2023
13.932.894,Sheryl,McIlroy,smcilroyda@seesaa.net,null,triple,(718) 2063540,10/07/2023,04/08/2023
13.942.957,Ab,Romushkin,aromushkinx@altervista.org,null,simple,(607) 3868216,26/09/2023,28/09/2023
13.949.121,Bernette,Worgan,bworgan4k@ustream.tv,null,suite,(571) 4018267,02/08/2023,06/08/2023
13.955.232,Zilvia,Jeanequin,zjeanequinz@hao123.com,null,triple,(648) 8128222,29/08/2023,05/09/2023
13.998.249,Karry,Godby,kgodby1i@sitemeter.com,null,triple,(999) 4296822,06/09/2023,23/09/2023
13.998.868,Maddi,Pearde,mpeardeb4@thetimes.co.uk,null,simple,(219) 6345134,02/07/2023,18/07/2023
14.016.588,Judy,Niven,jnivenej@guardian.co.uk,null,triple,(200) 9120056,08/09/2023,30/09/2023
14.017.946,Ilyse,Ventum,iventumr9@reddit.com,null,suite,(485) 9319904,15/10/2023,4/11/2023
14.034.688,Brucie,Attock,battock41@wikipedia.org,null,triple,(218) 1493409,21/07/2023,06/08/2023
14.036.864,Jeni,Galtone,jgaltonee7@joomla.org,null,suite,(202) 3002549,21/08/2023,09/09/2023
14.042.928,Anneliese,Soden,asodene8@adobe.com,null,suite,(622) 6024762,30/08/2023,17/09/2023
14.058.881,Lesya,Rossetti,lrossettim@craigslist.org,null,doble,(987) 6792971,04/07/2023,14/07/2023
14.069.969,Crichton,Pugh,cpughcv@vimeo.com,null,doble,(867) 2111279,28/10/2023,30/10/2023
14.074.746,Adham,Verner,averner36@accuweather.com,null,suite,(707) 4024877,26/10/2023,4/11/2023
14.079.563,Alvan,Maber,amaber8z@microsoft.com,null,triple,(948) 2487284,28/07/2023,08/08/2023
14.106.693,Thekla,Rawsen,trawsengy@cloudflare.com,null,doble,(298) 2485955,04/10/2023,14/10/2023
14.107.662,Fredi,Winchcum,fwinchcumc7@pinterest.com,null,triple,(924) 5810445,24/07/2023,08/08/2023
14.111.539,Pollyanna,Rickis,prickisj9@bizjournals.com,null,doble,(735) 2247180,29/08/2023,09/09/2023
14.112.195,Roseanne,Discombe,rdiscombe8i@loc.gov,null,triple,(991) 1656780,17/10/2023,24/10/2023
14.113.972,Ahmad,Bridgewood,abridgewoodjl@who.int,null,suite,(480) 3418785,27/08/2023,13/09/2023
14.120.647,Nichole,Duker,ndukerps@php.net,null,suite,(569) 3367532,16/09/2023,03/10/2023
14.122.516,Eberhard,Aitkin,eaitkin4y@dell.com,null,suite,(198) 6687874,24/08/2023,10/09/2023
14.127.313,Gusella,Claughton,gclaughtonl5@github.com,null,doble,(415) 3976034,20/08/2023,09/09/2023
14.151.592,Vera,Cartin,vcartin75@berkeley.edu,null,triple,(372) 3968875,13/07/2023,05/08/2023
14.154.608,Jess,Preshaw,jpreshaw1w@icio.us,null,suite,(187) 5115779,18/10/2023,24/10/2023
14.158.639,Deonne,Bampton,dbamptonu@amazon.de,null,triple,(847) 2457455,13/07/2023,04/08/2023
14.177.392,August,Yesenin,ayesenink6@barnesandnoble.com,null,doble,(421) 8914452,12/09/2023,21/09/2023
14.185.101,Marta,Kopman,mkopman81@samsung.com,null,simple,(222) 8908028,31/08/2023,12/09/2023
14.219.415,Wittie,Verduin,wverduinjv@clickbank.net,null,simple,(786) 1230888,02/07/2023,09/07/2023
14.221.999,Derry,Molen,dmolenfj@e-recht24.de,null,suite,(398) 5175868,06/10/2023,16/10/2023
14.222.794,Vittorio,O'Regan,voregangd@pbs.org,null,simple,(286) 9265836,18/08/2023,23/08/2023
14.236.202,Webster,Syseland,wsyselandcx@va.gov,null,simple,(949) 5284193,10/09/2023,29/09/2023
14.242.020,Ahmed,Harder,aharderhi@slate.com,null,doble,(464) 4218153,05/08/2023,09/08/2023
14.264.679,Ray,Nanetti,rnanettihc@thetimes.co.uk,null,doble,(973) 6238263,13/10/2023,6/11/2023
14.284.825,Sanderson,Sorro,ssorrof9@meetup.com,null,simple,(565) 8611200,26/09/2023,08/10/2023
14.285.924,Willy,Canti,wcanti7b@goodreads.com,null,triple,(482) 4732860,14/07/2023,21/07/2023
14.289.114,Shanan,Causby,scausby8b@alexa.com,null,simple,(791) 5868249,21/07/2023,27/07/2023
14.296.050,Raffarty,Blazejewski,rblazejewskifp@mail.ru,null,triple,(641) 8743257,12/10/2023,4/11/2023
14.300.519,Dick,Sprulls,dsprulls7j@indiatimes.com,null,doble,(826) 2440474,02/08/2023,16/08/2023
14.308.420,Ogden,Hamil,ohamil10@adobe.com,null,triple,(129) 9868401,13/07/2023,30/07/2023
14.320.126,Goran,Else,gelse21@t-online.de,null,triple,(999) 8911938,04/08/2023,07/08/2023
14.322.731,Shaine,Winram,swinram7w@mapy.cz,null,triple,(394) 4794289,05/10/2023,12/10/2023
14.325.482,Donnell,Hewes,dheweshx@desdev.cn,null,simple,(830) 3081782,18/10/2023,7/11/2023
14.326.653,Dierdre,Barus,dbaruss@google.co.uk,null,simple,(289) 6618035,24/08/2023,09/09/2023
14.327.111,Bourke,Cansdell,bcansdelld1@youku.com,null,triple,(401) 6005984,13/10/2023,24/10/2023
14.329.255,Benedikta,Goodswen,bgoodsweneq@stanford.edu,null,doble,(865) 4653977,30/08/2023,19/09/2023
14.362.538,Zak,Ibotson,zibotson7r@nhs.uk,null,suite,(233) 4515053,16/09/2023,21/09/2023
14.394.316,Teddy,Canedo,tcanedocm@unc.edu,null,triple,(226) 5469195,15/10/2023,26/10/2023
14.415.008,Marisa,Ramey,mrameyii@storify.com,null,suite,(611) 1503609,01/07/2023,03/07/2023
14.435.260,Max,O'Loughane,moloughane5z@furl.net,null,doble,(667) 7522001,20/08/2023,26/08/2023
14.446.758,Loleta,Grosier,lgrosierg9@virginia.edu,null,doble,(211) 8926228,17/10/2023,26/10/2023
14.455.621,Magdalene,Hewes,mhewesr2@bloomberg.com,null,doble,(435) 4131603,27/10/2023,16/11/2023
14.472.734,Skell,Pantecost,spantecostf8@reference.com,null,simple,(716) 9150227,16/10/2023,20/10/2023
14.487.668,Timothee,Gorwood,tgorwoodoy@mysql.com,null,simple,(453) 7599259,11/09/2023,12/09/2023
14.492.846,Naomi,Newing,nnewingpr@microsoft.com,null,triple,(897) 1330388,19/07/2023,30/07/2023
14.507.926,Willis,Colls,wcollsns@ow.ly,null,suite,(353) 5600681,23/08/2023,04/09/2023
14.514.452,Wanids,Fernanando,wfernanandomo@ibm.com,null,suite,(883) 4693666,30/08/2023,20/09/2023
14.516.669,Otes,Sebyer,osebyer5n@chronoengine.com,null,simple,(905) 4972224,25/09/2023,01/10/2023
14.523.864,Demetris,Fellgatt,dfellgatt8a@printfriendly.com,null,simple,(358) 7187699,03/09/2023,14/09/2023
14.545.628,Field,Dockery,fdockeryi9@cnn.com,null,triple,(936) 6374592,27/08/2023,03/09/2023
14.547.410,Bartlet,Drake,bdrake9@reverbnation.com,null,simple,(901) 2347817,15/07/2023,08/08/2023
14.551.490,Perkin,Broxton,pbroxton8q@ibm.com,null,doble,(950) 5591439,01/07/2023,25/07/2023
14.561.095,Evvy,Harker,eharkerja@google.it,null,triple,(273) 4391733,16/10/2023,31/10/2023
14.563.314,Winifield,Leatherbarrow,wleatherbarrowbf@berkeley.edu,null,simple,(172) 3100237,10/07/2023,26/07/2023
14.563.757,Percival,Cregg,pcregghj@mapquest.com,null,doble,(797) 2973434,04/10/2023,14/10/2023
14.566.790,Lorrin,Binnall,lbinnalla6@amazon.com,null,doble,(519) 1904841,22/07/2023,23/07/2023
14.568.944,Brandon,Kerwin,bkerwiniu@altervista.org,null,suite,(839) 5303582,27/07/2023,02/08/2023
14.576.308,Rebbecca,Tidball,rtidball52@addthis.com,null,triple,(483) 5309092,27/08/2023,19/09/2023
14.579.452,Brenn,Glayzer,bglayzercc@friendfeed.com,null,doble,(966) 8300321,26/10/2023,20/11/2023
14.596.096,Cordi,Maffioni,cmaffionir3@fotki.com,null,triple,(856) 3564707,30/09/2023,02/10/2023
14.597.844,Julianna,Gauld,jgauld5@dailymotion.com,null,simple,(214) 5216557,05/07/2023,27/07/2023
14.600.563,Morry,Manion,mmanion4p@tripod.com,null,simple,(848) 8105591,14/10/2023,19/10/2023
14.605.217,Genny,Lakey,glakeyih@reverbnation.com,null,doble,(914) 8357776,10/10/2023,4/11/2023
14.607.180,Gypsy,Haylett,ghaylett12@people.com.cn,null,triple,(936) 1460109,06/09/2023,19/09/2023
14.608.853,Malcolm,Hast,mhastip@techcrunch.com,null,triple,(319) 8894220,28/09/2023,01/10/2023
14.613.766,Marga,Simondson,msimondsonc@goodreads.com,null,simple,(646) 2958017,13/09/2023,18/09/2023
14.614.564,Dave,Yaxley,dyaxleyq4@usda.gov,null,suite,(453) 4962074,16/10/2023,26/10/2023
14.628.024,Chevy,Stothard,cstothardks@ow.ly,null,simple,(907) 8932597,12/10/2023,22/10/2023
14.628.927,Dennison,Lowseley,dlowseleyqn@vimeo.com,null,simple,(300) 5532303,08/08/2023,23/08/2023
14.636.300,Windy,Demcik,wdemcik9d@wikimedia.org,null,triple,(717) 4810074,07/07/2023,24/07/2023
14.654.052,Garrik,Blinerman,gblinerman23@bloglovin.com,null,suite,(455) 7099891,25/10/2023,31/10/2023
14.677.365,Hilary,Richmont,hrichmont8@php.net,null,simple,(518) 6947876,19/10/2023,2/11/2023
14.695.760,Marina,Hoofe,mhoofe3w@gmpg.org,null,suite,(957) 7927139,24/08/2023,11/09/2023
14.703.244,Aidan,Decreuze,adecreuzepl@china.com.cn,null,suite,(223) 4026916,17/10/2023,25/10/2023
14.713.015,Antonino,McAlpin,amcalpint@fc2.com,null,doble,(956) 1784758,30/09/2023,25/10/2023
14.716.560,Linc,Ruttgers,lruttgers55@aboutads.info,null,suite,(455) 1659165,06/09/2023,15/09/2023
14.718.989,Mill,Henrionot,mhenrionotm1@uiuc.edu,null,suite,(795) 4418580,02/07/2023,09/07/2023
14.745.146,Teri,Aldcorne,taldcornedd@pbs.org,null,triple,(165) 8489886,12/08/2023,06/09/2023
14.780.433,Germana,Cayley,gcayleypp@deliciousdays.com,null,suite,(580) 8400588,09/07/2023,23/07/2023
14.785.461,Alejandrina,Burchfield,aburchfieldeb@yandex.ru,null,simple,(367) 7734187,04/09/2023,20/09/2023
14.819.402,Lenore,Howard,lhoward8c@redcross.org,null,simple,(607) 9337492,01/08/2023,08/08/2023
14.827.496,Lamar,Matchitt,lmatchitt15@hexun.com,null,triple,(573) 7277748,07/08/2023,14/08/2023
14.829.367,Mari,Bernat,mbernat9t@army.mil,null,triple,(628) 2813759,17/07/2023,26/07/2023
14.838.516,Collette,Handrok,chandrok9z@furl.net,null,suite,(237) 7702643,20/07/2023,11/08/2023
14.840.230,Maddy,Malenoir,mmalenoir9o@nps.gov,null,simple,(684) 8927560,09/09/2023,24/09/2023
14.842.783,Augustus,Larver,alarver5c@zdnet.com,null,doble,(406) 8322493,04/10/2023,09/10/2023
14.845.305,Frasquito,Cloutt,fcloutt94@liveinternet.ru,null,triple,(407) 5196355,29/10/2023,18/11/2023
14.846.723,Adolph,Lehmann,alehmann4u@is.gd,null,triple,(206) 5030855,22/10/2023,25/10/2023
14.847.737,Charlotte,Skilton,cskiltonh4@whitehouse.gov,null,suite,(641) 8244154,10/10/2023,30/10/2023
14.857.042,Tonye,Dosedale,tdosedale1f@youtube.com,null,doble,(993) 9573279,29/10/2023,1/11/2023
14.882.887,Mag,Lowings,mlowings4o@istockphoto.com,null,simple,(705) 4955356,25/07/2023,12/08/2023
14.895.334,Eirena,Byneth,ebynethav@usgs.gov,null,doble,(117) 8566903,14/07/2023,05/08/2023
14.900.198,Clarence,Bolley,cbolleypt@skyrock.com,null,simple,(146) 8127227,11/10/2023,4/11/2023
14.902.318,Thomasin,Philot,tphilotlp@tinyurl.com,null,triple,(579) 5187321,23/09/2023,17/10/2023
14.926.393,Faber,Windous,fwindous2r@ucsd.edu,null,doble,(967) 6015121,18/09/2023,05/10/2023
14.935.077,Madelyn,Nuemann,mnuemann74@guardian.co.uk,null,doble,(161) 6790855,01/09/2023,02/09/2023
14.994.085,Eben,Triggs,etriggs3k@prweb.com,null,triple,(652) 5088053,08/09/2023,29/09/2023
15.000.584,Launce,Neillans,lneillans40@imageshack.us,null,doble,(585) 5526127,06/08/2023,18/08/2023
15.003.209,Eloisa,Sorey,esoreylo@baidu.com,null,triple,(536) 1484968,13/10/2023,4/11/2023
